Location,Reviews
United States of America,78070
Russia,121
Portugal,1894
United Kingdom,10362
Canada,11852
Spain,7476
Australia,8108
Brazil,1043
Germany,9438
Mexico,1360
China,873
Italy,6416
France,2395
Netherlands,1713
Iran,257
Finland,505
New Zealand,1765
India,2266
Ghana,50
Switzerland,935
Slovenia,83
Peru,153
Bosnia and Herz.,34
Vietnam,69
Sri Lanka,28
Pakistan,210
Denmark,499
Belgium,474
United Arab Emirates,48
Turkey,309
Malaysia,615
Philippines,436
Greece,248
Colombia,89
Norway,169
Kuwait,42
Chile,213
Taiwan,130
Bulgaria,71
Austria,707
Romania,235
Sweden,817
Nigeria,137
Argentina,613
Singapore,1039
Albania,25
Egypt,74
Tunisia,6
Uzbekistan,12
Qatar,16
Syria,7
Indonesia,166
Poland,256
Ireland,573
Saudi Arabia,43
Paraguay,30
Mozambique,4
Morocco,20
South Korea,128
Somalia,1
Japan,160
Benin,12
Slovakia,132
Scotland,875
Sudan,4
Panama,86
Haiti,1
Jamaica,61
Dominican Republic,18
Cuba,34
El Salvador,14
Venezuela,84
Honduras,20
Guatemala,50
Bolivia,30
Ecuador,27
Costa Rica,94
Bermuda,25
Cyprus,18
Syria,7
Yemen,4
Mongolia,2
Tunisia,6
Zimbabwe,12
Niger,144
Egypt,74
Tanzania,4
Sierra Leone,1
Cameroon,5
Ethiopia,6
Rwanda,4
Hong Kong,6
Crete,9
Monaco,11
Fiji,5
Belize,17
Bahamas,25
Barbados,8
Iraq,13
Lebanon,70
Kuwait,42
Luxembourg,99
England,6077
Nepal,6
Laos,5
Taiwan,130
Vietnam,69
Djibouti,1
Zambia,2
Algeria,13
Lesotho,4
Namibia,2
Congo,2
Nicaragua,11
Tobago,23
Surinam,4
Guam,1
Iceland,37
Oman,289
Hungary,61
Palestine,12
Israel,198
Bahrain,6
Burma,9
Bhutan,2
Bangladesh,23
Uganda,3
Botswana,6
Ghana,50
Chad,13
Gabon,3
Kenya,14
Senegal,3
Zaire,1
Cayman,9
Qatar,16
Malta,20
Sudan,4
San Juan,54
Albania,25
Jordan,29
Afghanistan,18
Angola,8
Gambia,3
Togo,6
Liberia,3
Mali,25
Libya,1